-- ============================================================
-- seed.sql — ToyBox datos iniciales
-- Compatible con structure_toybox.sql / railway




-- ============================================================

SET NAMES utf8mb4;
SET FOREIGN_KEY_CHECKS = 0;

USE toybox;

-- ============================
-- LIMPIEZA (seed idempotente)
-- ============================
TRUNCATE TABLE items_view;
TRUNCATE TABLE notifications;
TRUNCATE TABLE moderation_actions;
TRUNCATE TABLE reports;
TRUNCATE TABLE favorites;
TRUNCATE TABLE reviews;
TRUNCATE TABLE item_history;
TRUNCATE TABLE messages;
TRUNCATE TABLE conversations;
TRUNCATE TABLE items_photos;
TRUNCATE TABLE items;
TRUNCATE TABLE users;
TRUNCATE TABLE categories;

-- ============================
-- CATEGORIES
-- ============================
INSERT INTO categories (id_categories, name, description) VALUES
(1, 'Videojuegos y consolas',   'Juegos de PlayStation, Xbox, Nintendo y otras consolas'),
(2, 'Construcciones y bloques', 'Juguetes tipo LEGO, bloques de construcción y sets creativos'),
(3, 'Muñecos y figuras',        'Muñecas, figuras de acción y personajes coleccionables'),
(4, 'Puzzles y rompecabezas',   'Puzzles de piezas, rompecabezas 2D y 3D'),
(5, 'Juegos de mesa y cartas',  'Juegos de tablero, cartas y party games'),
(6, 'Educativos y preescolar',  'Juguetes sensoriales, educativos y seguros para bebés y peques'),
(7, 'Vehículos y circuitos',    'Coches, trenes, pistas y circuitos'),
(8, 'Arte y manualidades',      'Kits creativos, pintura, plastilina y manualidades');


-- ============================
-- USERS
-- ============================
INSERT INTO users
  (username, first_name, last_name, email, password, phone_number,
   user_birthday, user_province, user_city, user_zipcode,
   profile_picture, role, status, registration_date)
VALUES
('admin_carlosm', 'Carlos', 'Martínez López', 'carlos.admin@example.com', 'placeholder',
 612483920, '1990-04-18', 'Madrid', 'Alcobendas', '28100',
 'https://res.cloudinary.com/dwabpg7an/image/upload/v1782396683/admin_carlosm_wwv255.jpg',
 'administrator', 'active', '2025-05-07 09:00:00'),
('admin_laura', 'Laura', 'González Ruiz', 'laura.admin@example.com', 'placeholder',
 722194583, '1991-08-22', 'Madrid', 'Getafe', '28901',
 'https://res.cloudinary.com/dwabpg7an/image/upload/v1782396686/admin_laura_ypjtis.jpg',
 'administrator', 'active', '2024-11-22 09:00:00'),
('mod_ricardo', 'Ricardo', 'Ruiz Delgado', 'ricardo.mod@example.com', 'placeholder',
 634829104, '1990-03-15', 'Barcelona', 'Hospitalet de Llobregat', '08901',
 'https://res.cloudinary.com/dwabpg7an/image/upload/v1782396710/mod_ricardo_q1ndo0.jpg',
 'moderator', 'active', '2024-09-21 09:00:00'),
('mod_sara', 'Sara', 'López Martín', 'sara.mod@example.com', 'placeholder',
 698204512, '1993-11-02', 'Valencia', 'Torrent', '46900',
 'https://res.cloudinary.com/dwabpg7an/image/upload/v1782396713/mod_sara_oz4w6b.jpg',
 'moderator', 'active', '2024-09-28 09:00:00'),
('mod_mario', 'Mario', 'Santos Pérez', 'mario.mod@example.com', 'placeholder',
 611948320, '1988-07-19', 'Sevilla', 'Dos Hermanas', '41701',
 NULL, 'moderator', 'active', '2024-09-28 09:00:00'),
('mod_ana', 'Ana', 'Pérez de la Fuente', 'ana.mod@example.com', 'placeholder',
 744102983, '1995-01-30', 'Bizkaia', 'Barakaldo', '48901',
 'https://res.cloudinary.com/dwabpg7an/image/upload/v1782396708/mod_ana_wdw1pv.jpg',
 'moderator', 'active', '2024-10-01 09:00:00'),
('mod_javier', 'Javier', 'Torres Aguilar', 'javier.mod@example.com', 'placeholder',
 623948512, '1987-09-09', 'Zaragoza', 'Utebo', '50180',
 NULL, 'moderator', 'active', '2024-09-21 09:00:00'),
('clara.nunez', 'Clara', 'Núñez Romero', 'clara.user@example.com', 'placeholder',
 699284103, '1996-04-12', 'Madrid', 'Leganés', '28911',
 'https://res.cloudinary.com/dwabpg7an/image/upload/v1782396691/clara.nunez_ylyu2r.jpg',
 'user', 'active', '2024-09-25 09:00:00'),
('pablo.iglesias94', 'Pablo', 'Iglesias Soto', 'pablo.user@example.com', 'placeholder',
 612948572, '1994-02-21', 'Madrid', 'Fuenlabrada', '28940',
 'https://res.cloudinary.com/dwabpg7an/image/upload/v1782396716/pablo.iglesias94_hqbnn0.jpg',
 'user', 'active', '2024-09-28 09:00:00'),
('lucia.romero', 'Lucía', 'Romero García', 'lucia.user@example.com', 'placeholder',
 722948510, '1998-06-05', 'Valencia', 'Gandía', '46700',
 'https://res.cloudinary.com/dwabpg7an/image/upload/v1782396702/lucia.romero_xyjn1j.jpg',
 'user', 'active', '2024-10-01 09:00:00'),
('diego.castro', 'Diego', 'Castro Hernández', 'diego.user@example.com', 'placeholder',
 634102948, '1993-10-18', 'Sevilla', 'Camas', '41900',
 NULL, 'user', 'active', '2024-10-03 09:00:00'),
('elena.vega', 'Elena', 'Vega Alonso', 'elena.user@example.com', 'placeholder',
 711948203, '1997-12-01', 'Bizkaia', 'Getxo', '48930',
 'https://res.cloudinary.com/dwabpg7an/image/upload/v1782396694/elena.vega_don3io.jpg',
 'user', 'active', '2024-10-05 09:00:00'),
('raul.jimenez', 'Raúl', 'Jiménez Torres', 'raul.user@example.com', 'placeholder',
 698203415, '1991-03-03', 'Zaragoza', 'Calatayud', '50300',
 NULL, 'user', 'active', '2024-10-07 09:00:00'),
('marta.suarez', 'Marta', 'Suárez Delgado', 'marta.user@example.com', 'placeholder',
 622948310, '1999-09-25', 'Madrid', 'Alcorcón', '28921',
 'https://res.cloudinary.com/dwabpg7an/image/upload/v1782396705/marta.suarez_lo7jrn.jpg',
 'user', 'active', '2024-10-09 09:00:00'),
('carlos.navarro', 'Carlos', 'Navarro Ibáñez', 'carlos.user@example.com', 'placeholder',
 744829103, '1990-01-11', 'Valencia', 'Paterna', '46980',
 'https://res.cloudinary.com/dwabpg7an/image/upload/v1782396688/carlos.navarro_ptflgo.jpg',
 'user', 'active', '2024-10-11 09:00:00'),
('laia.serra', 'Laia', 'Serra Puig', 'laia.user@example.com', 'placeholder',
 612948310, '1995-07-07', 'Barcelona', 'Badalona', '08911',
 NULL, 'user', 'active', '2024-10-03 09:00:00'),
('jorge.gil', 'Jorge', 'Gil Romero', 'jorge.user@example.com', 'placeholder',
 699102948, '1989-05-28', 'Sevilla', 'Alcalá de Guadaíra', '41500',
 'https://res.cloudinary.com/dwabpg7an/image/upload/v1782396699/jorge.gil_ckqfow.jpg',
 'user', 'active', '2024-10-15 09:00:00'),
('nuria.campos', 'Nuria', 'Campos Ortega', 'nuria.user@example.com', 'placeholder',
 634829501, '1992-02-14', 'Bizkaia', 'Portugalete', '48920',
 NULL, 'user', 'active', '2024-10-17 09:00:00'),
('ivan.rey', 'Iván', 'Rey Domínguez', 'ivan.user@example.com', 'placeholder',
 722948301, '1994-08-09', 'Zaragoza', 'Ejea de los Caballeros', '50600',
 'https://res.cloudinary.com/dwabpg7an/image/upload/v1782396696/ivan.rey_tmo8uq.jpg',
 'user', 'active', '2024-10-19 09:00:00'),
('silvia.moreno', 'Silvia', 'Moreno Álvarez', 'silvia.user@example.com', 'placeholder',
 611948203, '1996-11-17', 'Madrid', 'Móstoles', '28931',
 'https://res.cloudinary.com/dwabpg7an/image/upload/v1782396719/silvia.moreno_ksxswz.jpg',
 'user', 'active', '2024-10-21 09:00:00');

-- Contraseñas bcrypt (formato $2b$, compatible con bcryptjs y bcrypt de Node)
-- Contraseña real → username: toybox01→admin_carlosm, toybox02→admin_laura, etc.
UPDATE users SET password = '$2b$10$97u8.OQ9.XJa00.7x4ac8eI107vfpO/0MMbT1DGG8wGzASsH5fkEC' WHERE username = 'admin_carlosm';
UPDATE users SET password = '$2b$10$2NvewIKutE8XiygvQvPjeOlk/0Er8uOfWpMLWl3D3VVM3uBQjT.8K'  WHERE username = 'admin_laura';
UPDATE users SET password = '$2b$10$sWh4RS0P.kGIxa8DvgaEreihNlIXzCui/ydpbNqI8AAn/WQXZYd1S'  WHERE username = 'mod_ricardo';
UPDATE users SET password = '$2b$10$5E/7AzS2cJWt9y2xAuUKQOhzaNR/evVorfbeObYLCCSzjHtKQqloC'  WHERE username = 'mod_sara';
UPDATE users SET password = '$2b$10$05VllsdSlK6wRhAjD9F03umXYgeSnY.MDsT8Jxp.W/TB5if/PaV1S'  WHERE username = 'mod_mario';
UPDATE users SET password = '$2b$10$ceeebHte9iYffEb2h.6cP.YYq7Z0s7AxUXF3jVtM9jw.JYziZ7SWa'  WHERE username = 'mod_ana';
UPDATE users SET password = '$2b$10$I.Yc7vaxc8oWaqcbVdcsTu3/ac5Q1XfpEvRFP/xfJ33tqLtcU2w16'  WHERE username = 'mod_javier';
UPDATE users SET password = '$2b$10$R8z9EFhK.py4tdtFI20YXeXPo.BjwMYbU2.LBHxuvXu/bLkMDPeJS'  WHERE username = 'clara.nunez';
UPDATE users SET password = '$2b$10$NTp6BcLODy8GI2KwKxtf/edwL5oI7FY79nPZhJpDykR1zGXbkI0ya'  WHERE username = 'pablo.iglesias94';
UPDATE users SET password = '$2b$10$CGSqVHHP1Q4gyc.1FiqGxehfJyHhPMBC9OC1W8WAtIvpPXZViL/sS'  WHERE username = 'lucia.romero';
UPDATE users SET password = '$2b$10$Sa6HFDtKW47ppt6Mszl5me/zThyNd7LU.4dGTPdWKeJqUR6xioYgi'  WHERE username = 'diego.castro';
UPDATE users SET password = '$2b$10$1Xw1EzbFozCMQfD0ILvo/eh1F3s0dM816wK/W8TGQkXHV.Q.g8A4S'  WHERE username = 'elena.vega';
UPDATE users SET password = '$2b$10$9NhWqLqqIOJ0V0Rap66p0OGFHG9lFw0GndzNdNA.yBsTOMHXe2BFG'  WHERE username = 'raul.jimenez';
UPDATE users SET password = '$2b$10$TtlOBEJFJ204YrNiGzQ6OuYQkay/i1FsfA9oe/nmrLIUZioXwaUkW'  WHERE username = 'marta.suarez';
UPDATE users SET password = '$2b$10$aOF8A3VfecDtVgeZZEri6.vkXyfNPDDOnKMFE4.J7jX9NPCBYH8nm'  WHERE username = 'carlos.navarro';
UPDATE users SET password = '$2b$10$NlmL5au8Koo4.jQIXG8Ha.fwFrWoMEJBQHeQH2tBEHYdbHy2U/4ku'  WHERE username = 'laia.serra';
UPDATE users SET password = '$2b$10$4p1w8lEESVm.hudEltU5aOAMJ7Ng3TxhskE4g2lr52UI6KfA8Q7V6'  WHERE username = 'jorge.gil';
UPDATE users SET password = '$2b$10$HV000iz3I0jM34iJk45xBud7Fin8BKGG2wDPqyYYoP7sCyS1bVdxe'  WHERE username = 'nuria.campos';
UPDATE users SET password = '$2b$10$MPbOXqwXTHFcnD2GjmjImuckfC4KU/YgCZkU4PzkY9WuC9B31NzAW'  WHERE username = 'ivan.rey';
UPDATE users SET password = '$2b$10$dNVk7TVqRn1CWIF6lVYAm.M3HWXfumwgxwazBod8chKI3eWkCtgH.'  WHERE username = 'silvia.moreno';


-- ============================
-- ITEMS
-- ============================
INSERT INTO items (id_items, title, description, price, conservation_status, location, publication_date, fk_seller_id, fk_categories_id, item_update, item_status) VALUES
(1,  'Portátil infantil con ratón',         'Portátil educativo infantil en buen estado general. Funciona correctamente e incluye su ratón original. Presenta marcas leves de uso normales, pero nada que afecte al funcionamiento. Ideal para actividades básicas de aprendizaje.',                                          15.00, 'published',    'Madrid',    '2024-09-28 09:00:00', 3,  1, '2024-09-28 09:00:00', 'available'),
(2,  'Globo terráqueo con luz LED',         'Globo terráqueo con iluminación LED totalmente funcional. Perfecto para decorar o para estudiar geografía. Tiene uso normal y la base está estable y sin daños.',                                                                                                                   10.00, 'published',    'Madrid',    '2024-10-01 09:00:00', 3,  1, '2024-10-01 09:00:00', 'available'),
(3,  'Auriculares inalámbricos blancos',    'Auriculares Bluetooth blancos en buen estado. Funcionan correctamente, batería con buena duración. Presentan pequeñas marcas de uso, típicas del tiempo.',                                                                                                                          8.00,  'sold',         'Barcelona', '2024-10-05 09:00:00', 4,  1, '2024-10-15 15:00:00', 'sold'),
(4,  'Auriculares infantiles rosa',         'Auriculares infantiles con limitador de volumen. Funcionan bien y son cómodos. Tienen uso normal sin roturas ni daños importantes.',                                                                                                                                                 7.00,  'removed',      'Barcelona', '2025-04-15 09:00:00', 4,  1, '2025-05-03 10:00:00', 'deleted'),
(5,  'Juguete holográfico Stitch',          'Proyector holográfico de Stitch. Proyecta luces y animaciones sin fallos. Muy poco uso, ideal para habitación infantil o decoración.',                                                                                                                                              10.00, 'published',    'Valencia',  '2024-10-05 09:00:00', 5,  1, '2024-10-05 09:00:00', 'available'),
(6,  'Juguete holográfico Harry Potter',    'Proyector holográfico temático de Harry Potter. Funciona perfectamente y mantiene todos los efectos luminosos. Uso normal.',                                                                                                                                                         12.00, 'sold',         'Valencia',  '2024-10-16 09:00:00', 5,  1, '2024-10-25 12:00:00', 'sold'),
(7,  'Juguete holográfico muñeco rosa',     'Proyector holográfico infantil con figura rosa. Funciona bien, con marcas leves de uso. Ideal para niños pequeños.',                                                                                                                                                                 9.00,  'published',    'Valencia',  '2024-10-07 09:00:00', 5,  1, '2024-10-07 09:00:00', 'available'),
(8,  'Reloj digital infantil blanco',       'Reloj digital infantil en funcionamiento. Pantalla y botones responden bien. Correa con desgaste normal del uso.',                                                                                                                                                                   5.00,  'published',    'Bilbao',    '2024-10-08 09:00:00', 6,  1, '2024-10-08 09:00:00', 'available'),
(9,  'Reloj digital infantil negro',        'Reloj digital negro para niños. Funciona correctamente. Correa en buen estado general.',                                                                                                                                                                                             5.00,  'published',    'Bilbao',    '2024-10-10 09:00:00', 6,  1, '2024-10-10 09:00:00', 'available'),
(10, 'Cámara digital infantil',             'Cámara infantil con vídeo y filtros. Funciona perfectamente. Presenta uso normal. Ideal para que los niños aprendan fotografía.',                                                                                                                                                   12.00, 'sold',         'Bilbao',    '2024-10-11 09:00:00', 6,  1, '2024-10-20 14:00:00', 'sold'),
(11, 'Juego de memoria electrónico',        'Juego electrónico de memoria con luces y sonidos. Funciona bien y es ideal para mejorar la concentración. Uso normal.',                                                                                                                                                               6.00,  'published',    'Zaragoza',  '2024-10-13 09:00:00', 7,  1, '2024-10-13 09:00:00', 'available'),
(12, 'Walkie talkies para niños',           'Pareja de walkie talkies infantiles. Funcionan correctamente y tienen buen alcance. Presentan marcas leves de uso.',                                                                                                                                                                10.00, 'sold',         'Zaragoza',  '2024-10-15 09:00:00', 7,  1, '2024-11-01 16:00:00', 'sold'),
(13, 'Smartwatch infantil multicolor',      'Smartwatch infantil con juegos, cámara y podómetro. Funciona perfectamente. Correa en buen estado. Ideal para niños.',                                                                                                                                                              12.00, 'published',    'Zaragoza',  '2024-09-28 09:00:00', 7,  1, '2024-09-28 09:00:00', 'available'),
(14, 'Consola portátil tipo Switch',        'Consola portátil estilo Switch con juegos integrados. Funciona bien, pantalla sin daños importantes. Uso normal.',                                                                                                                                                                  20.00, 'sold',         'Madrid',    '2024-11-01 09:00:00', 8,  1, '2024-11-10 10:00:00', 'sold'),
(15, 'Auriculares inalámbricos rojos',      'Auriculares Bluetooth rojos. Funcionan correctamente, sonido claro y batería estable. Presentan marcas leves de uso.',                                                                                                                                                               8.00,  'published',    'Madrid',    '2024-10-03 09:00:00', 8,  1, '2024-10-03 09:00:00', 'available'),
(16, 'Laptop infantil rosa',                'Laptop educativa infantil con actividades de aprendizaje. Funciona bien y tiene uso normal. Ideal para niños pequeños.',                                                                                                                                                             10.00, 'published',    'Madrid',    '2024-10-05 09:00:00', 8,  1, '2024-10-05 09:00:00', 'available'),
(17, 'Altavoz inalámbrico rojo',            'Altavoz Bluetooth portátil. Suena bien y la batería dura correctamente. Presenta uso normal.',                                                                                                                                                                                       9.00,  'sold',         'Madrid',    '2024-11-04 09:00:00', 8,  1, '2024-11-12 12:00:00', 'sold'),
(18, 'Tamagotchi mascota electrónica',      'Mascota electrónica con pantalla LCD y minijuegos. Funciona perfectamente. Ideal para niños o coleccionistas.',                                                                                                                                                                      8.00,  'published',    'Madrid',    '2024-10-09 09:00:00', 8,  1, '2024-10-09 09:00:00', 'available'),
(19, 'LEGO Cherry Blossoms',                'Set LEGO Cherry Blossoms en buen estado. Todas las piezas incluidas y completas. Ha sido usado como decoración, sin desgaste notable.',                                                                                                                                             10.00, 'published',    'Madrid',    '2024-10-12 09:00:00', 9,  2, '2024-10-12 09:00:00', 'available'),
(20, 'LEGO City Camión de obras',           'Camión de obras LEGO City con volquete funcional. Todas las piezas incluidas. Presenta uso normal pero está completo y sin roturas.',                                                                                                                                                 8.00,  'sold',         'Barcelona', '2024-11-11 09:00:00', 10, 2, '2024-11-20 15:00:00', 'sold'),
(21, 'LEGO City Rodillo compactador',       'Rodillo compactador LEGO City en buen estado. Incluye todas las piezas y funciona perfectamente para juegos de obra. Uso normal, sin daños.',                                                                                                                                        7.00,  'published',    'Valencia',  '2024-10-17 09:00:00', 11, 2, '2024-10-17 09:00:00', 'available'),
(22, 'LEGO City Coche rojo deportivo',      'Coche deportivo LEGO City en color rojo. Todas las piezas incluidas y en buen estado. Presenta uso normal pero sin piezas faltantes.',                                                                                                                                               7.00,  'published',    'Bilbao',    '2024-10-19 09:00:00', 12, 2, '2024-10-19 09:00:00', 'available'),
(23, 'LEGO Fortnite Peely',                 'Figura construible LEGO de Peely. Completa y en muy buen estado. Ha sido usada para exposición, sin desgaste. Ideal para fans de Fortnite.',                                                                                                                                       12.00, 'sold',         'Zaragoza',  '2024-11-14 09:00:00', 13, 2, '2024-11-25 10:00:00', 'sold'),
(24, 'LEGO Burger Truck',                   'Set LEGO Burger Truck completo. Incluye camión, accesorios y piezas originales. Presenta uso normal pero está en buen estado general.',                                                                                                                                             10.00, 'published',    'Madrid',    '2024-10-25 09:00:00', 14, 2, '2024-10-25 09:00:00', 'available'),
(25, 'LEGO Harry Potter Escena de Hogwarts','Set LEGO de Hogwarts con estructura y accesorios. Todas las piezas incluidas. Uso normal, pero completo y sin daños.',                                                                                                                                                              20.00, 'sold',         'Madrid',    '2024-11-18 09:00:00', 15, 2, '2024-11-28 14:00:00', 'sold'),
(26, 'LEGO Vespa 125 azul clásica',         'Modelo LEGO de Vespa azul. Todas las piezas incluidas y en muy buen estado. Ha sido usada como decoración, sin desgaste.',                                                                                                                                                         10.00, 'published',    'Valencia',  '2024-10-29 09:00:00', 16, 2, '2024-10-29 09:00:00', 'available'),
(27, 'LEGO Marvel Spider-Man figura articulada','Figura articulada LEGO de Spider-Man. Completa, articulaciones firmes y sin daños. Uso mínimo, ideal para exposición.',                                                                                                                                                        15.00, 'sold',         'Sevilla',   '2024-11-22 09:00:00', 17, 2, '2024-12-02 16:00:00', 'sold'),
(28, 'LEGO Batman figura articulada',       'Figura articulada LEGO de Batman. Todas las piezas incluidas. Presenta uso normal pero está en buen estado general.',                                                                                                                                                               15.00, 'published',    'Bilbao',    '2024-11-01 09:00:00', 18, 2, '2024-11-01 09:00:00', 'available'),
(29, 'LEGO Marvel Capitán América figura articulada','Figura articulada LEGO del Capitán América con escudo incluido. Completa y en muy buen estado.',                                                                                                                                                                          15.00, 'removed',      'Madrid',    '2025-05-14 09:00:00', 1,  2, '2025-05-27 11:00:00', 'deleted'),
(30, 'LEGO Technic Coche todoterreno',      'Coche todoterreno LEGO Technic con suspensión funcional. Todas las piezas incluidas. Presenta uso normal pero funciona perfectamente.',                                                                                                                                             14.00, 'sold',         'Madrid',    '2024-11-29 09:00:00', 2,  2, '2024-12-10 12:00:00', 'sold'),
(31, 'Muñeca bebé rosa con carrito',        'Muñeca bebé con conjunto rosa y carrito incluido. Ambos en buen estado general. El carrito tiene ruedas funcionales y la muñeca presenta uso normal sin daños.',                                                                                                                    10.00, 'published',    'Madrid',    '2024-11-03 09:00:00', 3,  3, '2024-11-03 09:00:00', 'available'),
(32, 'Muñeca Monster High',                 'Muñeca Monster High original. Presenta uso normal pero está completa y en buen estado. Ropa y accesorios incluidos.',                                                                                                                                                                9.00,  'sold',         'Barcelona', '2024-11-15 09:00:00', 4,  3, '2024-12-15 14:00:00', 'sold'),
(33, 'Muñeca Monster High edición alternativa','Muñeca Monster High en versión alternativa. Incluye ropa y accesorios. Uso normal, articulaciones firmes y sin daños importantes.',                                                                                                                                             10.00, 'published',    'Valencia',  '2024-11-05 09:00:00', 5,  3, '2024-11-05 09:00:00', 'available'),
(34, 'Muñeca rosa con carrito',             'Muñeca infantil con vestido rosa y carrito de paseo. Ambos con uso normal pero en buen estado.',                                                                                                                                                                                    10.00, 'published',    'Sevilla',   '2024-11-07 09:00:00', 6,  3, '2024-11-07 09:00:00', 'available'),
(35, 'Figura de gorila gigante',            'Figura de gorila gigante con textura detallada. Presenta uso normal pero está en buen estado.',                                                                                                                                                                                      7.00,  'published',    'Bilbao',    '2024-11-09 09:00:00', 7,  3, '2024-11-09 09:00:00', 'available'),
(36, 'Dinosaurio T-Rex articulado',         'Figura de T-Rex articulada. Mandíbula móvil y cuerpo robusto. Uso normal, sin piezas rotas.',                                                                                                                                                                                       8.00,  'sold',         'Zaragoza',  '2024-11-25 09:00:00', 8,  3, '2024-12-28 10:00:00', 'sold'),
(37, 'Figura Spiderman clásica',            'Figura articulada de Spiderman con traje clásico. Incluye tres poses diferentes. Uso normal pero en buen estado general.',                                                                                                                                                           8.00,  'published',    'Madrid',    '2024-11-11 09:00:00', 9,  3, '2024-11-11 09:00:00', 'available'),
(38, 'Figura cantante con maleta y escenario','Figura de cantante infantil con maleta que se convierte en mini escenario. Incluye accesorios. Uso normal, todo funcional.',                                                                                                                                                      12.00, 'sold',         'Barcelona', '2024-12-01 09:00:00', 10, 3, '2025-01-03 12:00:00', 'sold'),
(39, 'Figura Labubu coleccionable',         'Figura Labubu original. Muy buen estado, usada solo como decoración.',                                                                                                                                                                                                              15.00, 'removed',      'Valencia',  '2025-05-09 09:00:00', 11, 3, '2025-05-22 09:00:00', 'deleted'),
(40, 'Dinosaurio articulado',               'Figura de dinosaurio con extremidades móviles. Presenta uso normal pero está completa y sin daños.',                                                                                                                                                                                  7.00,  'published',    'Bilbao',    '2024-11-13 09:00:00', 12, 3, '2024-11-13 09:00:00', 'available'),
(41, 'Figuras Pokémon surtidas',            'Set de figuras Pokémon. Todas en buen estado, colores vivos y sin daños.',                                                                                                                                                                                                           9.00,  'sold',         'Zaragoza',  '2024-12-09 09:00:00', 13, 3, '2025-01-10 14:00:00', 'sold'),
(42, 'LEGO Minifig colección series y películas','Minifig LEGO de colección. Incluye accesorios. Muy buen estado, usada solo para exposición.',                                                                                                                                                                                  6.00,  'published',    'Madrid',    '2024-11-15 09:00:00', 14, 3, '2024-11-15 09:00:00', 'available'),
(43, 'Figura futbolista del Barça',         'Figura articulada de jugador del FC Barcelona. Presenta uso normal pero está en buen estado.',                                                                                                                                                                                        8.00,  'published',    'Madrid',    '2024-11-17 09:00:00', 15, 3, '2024-11-17 09:00:00', 'available'),
(44, 'Figura Baby Yoda (Grogu)',             'Figura de Grogu con túnica beige. Muy buen estado, sin daños. Ideal para fans de Star Wars.',                                                                                                                                                                                      10.00, 'sold',         'Valencia',  '2024-12-17 09:00:00', 16, 3, '2025-01-15 16:00:00', 'sold'),
(45, 'Figura Baby Yoda (Grogu) edición alternativa','Figura alternativa de Grogu con pose distinta. Muy buen estado, usada solo como decoración.',                                                                                                                                                                              12.00, 'under_review', 'Sevilla',   '2024-11-19 09:00:00', 17, 3, '2025-05-10 11:00:00', 'available'),
(46, 'Puzzle Provincias de España',         'Puzzle educativo de las provincias de España. Todas las piezas están completas y en buen estado.',                                                                                                                                                                                    6.00,  'sold',         'Madrid',    '2024-12-22 09:00:00', 3,  4, '2025-01-20 18:00:00', 'sold'),
(47, 'Puzzle Frozen',                       'Puzzle infantil de Frozen con todas las piezas completas. Presenta uso normal pero está en buen estado general.',                                                                                                                                                                     6.00,  'published',    'Barcelona', '2024-11-21 09:00:00', 4,  4, '2024-11-21 09:00:00', 'available'),
(48, 'Puzzle Stitch y Angel',               'Puzzle infantil de Stitch y Angel. Incluye todas las piezas y está en muy buen estado. Usado pocas veces.',                                                                                                                                                                          7.00,  'sold',         'Valencia',  '2024-12-30 09:00:00', 5,  4, '2025-01-25 10:00:00', 'sold'),
(49, 'Juego de pesca infantil',             'Juego de pesca para niños con caña, peces y accesorios. Todas las piezas incluidas. Funciona perfectamente.',                                                                                                                                                                        5.00,  'published',    'Bilbao',    '2024-11-23 09:00:00', 6,  4, '2024-11-23 09:00:00', 'available'),
(50, 'Puzzle Avengers',                     'Puzzle infantil de los Avengers. Todas las piezas completas. Uso normal, sin daños.',                                                                                                                                                                                                  6.00,  'sold',         'Zaragoza',  '2025-01-05 09:00:00', 7,  4, '2025-01-30 12:00:00', 'sold'),
(51, 'Caja encajable de formas',            'Caja de encajar formas con piezas geométricas. Todas las piezas incluidas. Ideal para aprendizaje temprano.',                                                                                                                                                                        7.00,  'published',    'Madrid',    '2024-11-25 09:00:00', 8,  4, '2024-11-25 09:00:00', 'available'),
(52, 'Dixit',                               'Juego de mesa Dixit en buen estado. Todas las cartas incluidas y sin daños.',                                                                                                                                                                                                        12.00, 'sold',         'Madrid',    '2025-01-09 09:00:00', 3,  5, '2025-02-05 14:00:00', 'sold'),
(53, 'Dobble',                              'Juego Dobble completo con todas las cartas. Caja con desgaste leve pero en buen estado general.',                                                                                                                                                                                     6.00,  'published',    'Barcelona', '2024-11-27 09:00:00', 4,  5, '2024-11-27 09:00:00', 'available'),
(54, 'Polilla Tramposa',                    'Juego Polilla Tramposa completo. Cartas en buen estado y caja con uso normal. Muy divertido para jugar en grupo.',                                                                                                                                                                    6.00,  'published',    'Valencia',  '2024-11-29 09:00:00', 5,  5, '2024-11-29 09:00:00', 'available'),
(55, 'Sushi Go!',                           'Juego Sushi Go! completo y en muy buen estado. Cartas sin daños y caja con marcas mínimas.',                                                                                                                                                                                          7.00,  'sold',         'Bilbao',    '2025-01-17 09:00:00', 6,  5, '2025-02-10 16:00:00', 'sold'),
(56, 'UNO',                                 'Juego de cartas UNO completo. Cartas con uso normal pero en buen estado.',                                                                                                                                                                                                            5.00,  'published',    'Zaragoza',  '2024-12-01 09:00:00', 7,  5, '2024-12-01 09:00:00', 'available'),
(57, 'Virus!',                              'Juego Virus! completo con todas las cartas. Muy buen estado, usado pocas veces.',                                                                                                                                                                                                     8.00,  'under_review', 'Madrid',    '2024-12-03 09:00:00', 8,  5, '2025-05-14 15:00:00', 'available'),
(58, 'Monos Locos',                         'Juego Monos Locos completo con todos los palitos y monos. Funciona perfectamente.',                                                                                                                                                                                                    7.00,  'published',    'Madrid',    '2024-12-05 09:00:00', 9,  5, '2024-12-05 09:00:00', 'available'),
(59, 'Parchís y Oca',                       'Tablero doble de Parchís y Oca. Incluye fichas y dados. Uso normal pero completo y en buen estado.',                                                                                                                                                                                  6.00,  'published',    'Barcelona', '2024-12-07 09:00:00', 10, 5, '2024-12-07 09:00:00', 'available'),
(60, 'Catan',                               'Juego Catan completo con todas las piezas y cartas. Muy buen estado, usado pocas veces.',                                                                                                                                                                                            18.00, 'sold',         'Valencia',  '2025-02-01 09:00:00', 11, 5, '2025-02-15 18:00:00', 'sold'),
(61, 'Jumanji',                             'Juego de mesa Jumanji completo. Incluye tablero, fichas y cartas. Uso normal pero en buen estado general.',                                                                                                                                                                          10.00, 'published',    'Bilbao',    '2024-12-09 09:00:00', 12, 5, '2024-12-09 09:00:00', 'available'),
(62, 'Tablet educativa Inglés',             'Tablet educativa para aprender vocabulario en inglés. Funciona correctamente, botones y pantalla en buen estado.',                                                                                                                                                                    8.00,  'sold',         'Madrid',    '2025-02-05 09:00:00', 3,  6, '2025-02-20 10:00:00', 'sold'),
(63, 'Juego Yo aprendo a leer',             'Juego educativo "Yo aprendo a leer". Todas las piezas incluidas y en buen estado.',                                                                                                                                                                                                  7.00,  'published',    'Barcelona', '2024-12-11 09:00:00', 4,  6, '2024-12-11 09:00:00', 'available'),
(64, 'Piano infantil con sonidos',          'Piano infantil con botones de colores y sonidos de animales. Funciona bien, con uso normal.',                                                                                                                                                                                         6.00,  'published',    'Valencia',  '2024-12-13 09:00:00', 5,  6, '2024-12-13 09:00:00', 'available'),
(65, 'Cuentacuentos interactivo',           'Cuentacuentos educativo con historias y actividades. Funciona correctamente. Presenta uso normal.',                                                                                                                                                                                    8.00,  'sold',         'Bilbao',    '2025-02-13 09:00:00', 6,  6, '2025-02-25 12:00:00', 'sold'),
(66, 'Conector Aprendo a leer',             'Juego educativo Conector para aprender a leer. Incluye tarjetas y base electrónica. Funciona bien.',                                                                                                                                                                                  7.00,  'published',    'Zaragoza',  '2024-12-15 09:00:00', 7,  6, '2024-12-15 09:00:00', 'available'),
(67, 'Cubo de actividades de madera',       'Cubo de actividades con piezas, cuentas y formas. Todas las piezas incluidas.',                                                                                                                                                                                                      10.00, 'published',    'Madrid',    '2024-12-17 09:00:00', 8,  6, '2024-12-17 09:00:00', 'available'),
(68, 'Correpasillos coche rojo',            'Correpasillos infantil en forma de coche rojo. Ruedas en buen estado y estructura estable.',                                                                                                                                                                                         12.00, 'published',    'Madrid',    '2025-02-19 09:00:00', 9,  6, '2025-02-19 09:00:00', 'available'),
(69, 'Moto correpasillos verde y azul',     'Moto correpasillos infantil. Ruedas y estructura en buen estado. Uso normal, sin daños importantes.',                                                                                                                                                                                12.00, 'sold',         'Barcelona', '2025-02-22 09:00:00', 10, 6, '2025-03-05 14:00:00', 'sold'),
(70, 'Juego de fichas de animales',         'Juego infantil con fichas hexagonales de animales. Todas las piezas incluidas.',                                                                                                                                                                                                      6.00,  'published',    'Valencia',  '2024-12-19 09:00:00', 11, 6, '2024-12-19 09:00:00', 'available'),
(71, 'Dominó infantil de madera',           'Dominó infantil de madera con dibujos. Todas las fichas incluidas.',                                                                                                                                                                                                                  7.00,  'published',    'Bilbao',    '2024-12-21 09:00:00', 12, 6, '2024-12-21 09:00:00', 'available'),
(72, 'Hot Wheels pista dinosaurio',         'Set de Hot Wheels con pista temática de dinosaurio. Incluye el dinosaurio y las piezas principales. Funciona perfectamente.',                                                                                                                                                       12.00, 'sold',         'Madrid',    '2025-03-02 09:00:00', 3,  7, '2025-03-12 16:00:00', 'sold'),
(73, 'Estación de tren infantil',           'Set de estación de tren infantil con vías, edificios y accesorios. Todas las piezas incluidas.',                                                                                                                                                                                     10.00, 'published',    'Barcelona', '2024-12-23 09:00:00', 4,  7, '2024-12-23 09:00:00', 'available'),
(74, 'Coche teledirigido azul',             'Coche teledirigido azul en buen estado. Funciona correctamente, ruedas grandes y carrocería resistente.',                                                                                                                                                                              8.00,  'published',    'Valencia',  '2024-12-25 09:00:00', 5,  7, '2024-12-25 09:00:00', 'available'),
(75, 'Coche rojo todoterreno',              'Coche rojo infantil tipo todoterreno. Ruedas grandes y estructura resistente.',                                                                                                                                                                                                       6.00,  'sold',         'Bilbao',    '2025-03-09 09:00:00', 6,  7, '2025-03-18 18:00:00', 'sold'),
(76, 'Pista de coches todoterreno',         'Set infantil tipo pista de acción con coche todoterreno. Funciona perfectamente.',                                                                                                                                                                                                   10.00, 'published',    'Zaragoza',  '2024-12-27 09:00:00', 7,  7, '2024-12-27 09:00:00', 'available'),
(77, 'Autobús infantil con coches',         'Autobús de juguete que transporta coches pequeños. Incluye vehículos. En buen estado.',                                                                                                                                                                                               7.00,  'published',    'Madrid',    '2024-12-29 09:00:00', 8,  7, '2024-12-29 09:00:00', 'available'),
(78, 'Drone infantil azul',                 'Drone infantil azul con protectores de hélices. Funciona correctamente. Ideal para niños que empiezan con drones.',                                                                                                                                                                   9.00,  'sold',         'Madrid',    '2025-03-18 09:00:00', 9,  7, '2025-04-01 10:00:00', 'sold'),
(79, 'Barcos piratas infantiles',           'Set de barcos piratas infantiles. Incluye varios barcos pequeños y accesorios. Completos y en buen estado.',                                                                                                                                                                           7.00,  'published',    'Madrid',    '2024-12-31 09:00:00', 8,  7, '2024-12-31 09:00:00', 'available'),
(80, 'Mini camiones infantiles',            'Set de dos mini camiones, uno azul y uno verde. Ruedas en buen estado.',                                                                                                                                                                                                               5.00,  'published',    'Barcelona', '2025-01-02 09:00:00', 10, 7, '2025-01-02 09:00:00', 'available'),
(81, 'Alfombra de juego con carreteras',    'Alfombra infantil con diseño de carreteras y edificios. Tela en buen estado, sin roturas.',                                                                                                                                                                                            8.00,  'published',    'Valencia',  '2025-01-04 09:00:00', 11, 7, '2025-01-04 09:00:00', 'available'),
(82, 'Pizarra magnética infantil',          'Pizarra magnética infantil para dibujar y borrar fácilmente. Funciona correctamente.',                                                                                                                                                                                                7.00,  'sold',         'Madrid',    '2025-03-29 09:00:00', 3,  8, '2025-04-15 12:00:00', 'sold'),
(83, 'Set de arte infantil',                'Set de arte infantil con rotuladores, lápices y accesorios. Completo y en buen estado.',                                                                                                                                                                                               8.00,  'published',    'Barcelona', '2025-01-06 09:00:00', 4,  8, '2025-01-06 09:00:00', 'available'),
(84, 'Kit de dibujo con proyector',         'Kit de dibujo infantil con proyector. Incluye láminas y base de apoyo. Funciona correctamente.',                                                                                                                                                                                      8.00,  'published',    'Valencia',  '2025-04-03 09:00:00', 5,  8, '2025-04-03 09:00:00', 'available'),
(85, 'Escritorio de dibujo infantil',       'Escritorio infantil para dibujar con superficie inclinada y accesorios.',                                                                                                                                                                                                              7.00,  'published',    'Bilbao',    '2025-04-05 09:00:00', 6,  8, '2025-04-05 09:00:00', 'available'),
(86, 'Caja de gomas para hacer pulseras',   'Caja organizadora con gomas de colores para hacer pulseras. Incluye ganchos y accesorios.',                                                                                                                                                                                            6.00,  'published',    'Zaragoza',  '2025-04-07 09:00:00', 7,  8, '2025-04-07 09:00:00', 'available'),
(87, 'Juego de plastilina infantil',        'Juego de plastilina con moldes y herramientas. Incluye varios colores.',                                                                                                                                                                                                               6.00,  'published',    'Madrid',    '2025-04-09 09:00:00', 8,  8, '2025-04-09 09:00:00', 'available'),
(88, 'Juego de dibujo con formas',          'Juego infantil para dibujar utilizando plantillas y formas. Completo y en buen estado.',                                                                                                                                                                                               6.00,  'sold',         'Madrid',    '2025-04-11 09:00:00', 9,  8, '2025-05-02 14:00:00', 'sold'),
(89, 'Juego Chuchelandia',                  'Juego infantil Chuchelandia con piezas y accesorios. Completo y en buen estado.',                                                                                                                                                                                                     10.00, 'published',    'Barcelona', '2025-04-16 09:00:00', 10, 8, '2025-04-16 09:00:00', 'available'),
(90, 'Peluquería pasta de modelar',         'Set infantil de peluquería con pasta de modelar. Incluye moldes y accesorios.',                                                                                                                                                                                                        6.00,  'published',    'Valencia',  '2025-04-19 09:00:00', 11, 8, '2025-04-19 09:00:00', 'available'),
(91, 'Juego de chinchetas de colores',      'Juego infantil con chinchetas de plástico de colores para crear figuras. Todas las piezas incluidas.',                                                                                                                                                                                 6.00,  'published',    'Bilbao',    '2025-04-22 09:00:00', 12, 8, '2025-04-22 09:00:00', 'available'),
(92, 'Pizarra infantil para pintar',        'Pizarra infantil para pintar y borrar. Funciona correctamente.',                                                                                                                                                                                                                       6.00,  'published',    'Zaragoza',  '2025-04-25 09:00:00', 13, 8, '2025-04-25 09:00:00', 'available'),
(93, 'Pizarra para pintar con patrones',    'Pizarra infantil con patrones de colores para crear dibujos. Completa y en buen estado.',                                                                                                                                                                                              6.00,  'published',    'Madrid',    '2025-04-28 09:00:00', 14, 8, '2025-04-28 09:00:00', 'available'),
(94, 'Utensilios de cocina de juguete',     'Set infantil de utensilios de cocina con piezas variadas. Completo.',                                                                                                                                                                                                                  6.00,  'published',    'Valencia',  '2025-05-01 09:00:00', 15, 8, '2025-05-01 09:00:00', 'available'),
(95, 'Juego Highlighter Studio',            'Juego creativo Highlighter Studio con accesorios para decorar y colorear. Completo.',                                                                                                                                                                                                  7.00,  'published',    'Sevilla',   '2025-05-04 09:00:00', 16, 8, '2025-05-04 09:00:00', 'available');


-- ============================
-- ITEMS_PHOTOS
-- ============================
INSERT INTO items_photos (photo_url, photo_order, fk_items_id) VALUES
('https://res.cloudinary.com/dwabpg7an/image/upload/v1782394525/ITEM-0001_djaxcd.jpg',    1, 1),
('https://res.cloudinary.com/dwabpg7an/image/upload/v1782394527/ITEM-0002-1_snlmfb.jpg',  1, 2),
('https://res.cloudinary.com/dwabpg7an/image/upload/v1782394528/ITEM-0002-2_ohlp38.jpg',  2, 2),
('https://res.cloudinary.com/dwabpg7an/image/upload/v1782394530/ITEM-0002-3_svvlee.jpg',  3, 2),
('https://res.cloudinary.com/dwabpg7an/image/upload/v1782394532/ITEM-0003-1_cp5y7z.jpg',  1, 3),
('https://res.cloudinary.com/dwabpg7an/image/upload/v1782394534/ITEM-0003-2_gxdmog.jpg',  2, 3),
('https://res.cloudinary.com/dwabpg7an/image/upload/v1782394536/ITEM-0004-1_zvb8cq.jpg',  1, 4),
('https://res.cloudinary.com/dwabpg7an/image/upload/v1782394537/ITEM-0004-2_hflwlw.jpg',  2, 4),
('https://res.cloudinary.com/dwabpg7an/image/upload/v1782394539/ITEM-0005-1_nwwzxw.jpg',  1, 5),
('https://res.cloudinary.com/dwabpg7an/image/upload/v1782394541/ITEM-0005-2_wkq6lv.jpg',  2, 5),
('https://res.cloudinary.com/dwabpg7an/image/upload/v1782394543/ITEM-0006-1_qgyyn3.jpg',  1, 6),
('https://res.cloudinary.com/dwabpg7an/image/upload/v1782394545/ITEM-0006-2_rvmykh.jpg',  2, 6),
('https://res.cloudinary.com/dwabpg7an/image/upload/v1782394547/ITEM-0007-1_ovxvn0.jpg',  1, 7),
('https://res.cloudinary.com/dwabpg7an/image/upload/v1782394549/ITEM-0007-2_zknff6.jpg',  2, 7),
('https://res.cloudinary.com/dwabpg7an/image/upload/v1782394551/ITEM-0008-1_i8ppkz.jpg',  1, 8),
('https://res.cloudinary.com/dwabpg7an/image/upload/v1782394553/ITEM-0008-2_khcmbo.jpg',  2, 8),
('https://res.cloudinary.com/dwabpg7an/image/upload/v1782394555/ITEM-0009-1_hydiqy.jpg',  1, 9),
('https://res.cloudinary.com/dwabpg7an/image/upload/v1782394557/ITEM-0009-2_uvbv9z.jpg',  2, 9),
('https://res.cloudinary.com/dwabpg7an/image/upload/v1782394559/ITEM-0010-1_g02lhg.jpg',  1, 10),
('https://res.cloudinary.com/dwabpg7an/image/upload/v1782394561/ITEM-0010-2_qxklnp.jpg',  2, 10),
('https://res.cloudinary.com/dwabpg7an/image/upload/v1782394563/ITEM-0011-1_gbcpaa.jpg',  1, 11),
('https://res.cloudinary.com/dwabpg7an/image/upload/v1782394565/ITEM-0011-2_upvqci.jpg',  2, 11),
('https://res.cloudinary.com/dwabpg7an/image/upload/v1782394567/ITEM-0012-1_iwfn35.jpg',  1, 12),
('https://res.cloudinary.com/dwabpg7an/image/upload/v1782394569/ITEM-0012-2_chlqqb.jpg',  2, 12),
('https://res.cloudinary.com/dwabpg7an/image/upload/v1782394572/ITEM-0013_meqmui.jpg',    1, 13),
('https://res.cloudinary.com/dwabpg7an/image/upload/v1782394574/ITEM-0014-1_jxjuis.jpg',  1, 14),
('https://res.cloudinary.com/dwabpg7an/image/upload/v1782394576/ITEM-0014-2_fbekjc.jpg',  2, 14),
('https://res.cloudinary.com/dwabpg7an/image/upload/v1782394578/ITEM-0015-1_jy6qul.jpg',  1, 15),
('https://res.cloudinary.com/dwabpg7an/image/upload/v1782394580/ITEM-0015-2_vmzkek.jpg',  2, 15),
('https://res.cloudinary.com/dwabpg7an/image/upload/v1782394582/ITEM-0016_stvkr5.jpg',    1, 16),
('https://res.cloudinary.com/dwabpg7an/image/upload/v1782394585/ITEM-0017_p3jwkl.jpg',    1, 17),
('https://res.cloudinary.com/dwabpg7an/image/upload/v1782394586/ITEM-0018-1_ikef9p.jpg',  1, 18),
('https://res.cloudinary.com/dwabpg7an/image/upload/v1782394589/ITEM-0018-2_xllwed.jpg',  2, 18),
('https://res.cloudinary.com/dwabpg7an/image/upload/v1782394659/ITEM-0019-1_sspktv.jpg',  1, 19),
('https://res.cloudinary.com/dwabpg7an/image/upload/v1782394661/ITEM-0019-2_pyl9nq.jpg',  2, 19),
('https://res.cloudinary.com/dwabpg7an/image/upload/v1782394662/ITEM-0020-1_qngyy8.jpg',  1, 20),
('https://res.cloudinary.com/dwabpg7an/image/upload/v1782394664/ITEM-0020-2_cg57vw.jpg',  2, 20),
('https://res.cloudinary.com/dwabpg7an/image/upload/v1782394666/ITEM-0021-1_wwqflc.jpg',  1, 21),
('https://res.cloudinary.com/dwabpg7an/image/upload/v1782394668/ITEM-0021-2_vaoa2c.jpg',  2, 21),
('https://res.cloudinary.com/dwabpg7an/image/upload/v1782394670/ITEM-0022-1_inkxu6.jpg',  1, 22),
('https://res.cloudinary.com/dwabpg7an/image/upload/v1782394672/ITEM-0022-2_pavxub.jpg',  2, 22),
('https://res.cloudinary.com/dwabpg7an/image/upload/v1782394674/ITEM-0023-1_kjvhi5.jpg',  1, 23),
('https://res.cloudinary.com/dwabpg7an/image/upload/v1782394676/ITEM-0023-2_zmc3es.jpg',  2, 23),
('https://res.cloudinary.com/dwabpg7an/image/upload/v1782394678/ITEM-0024-1_nhfjri.jpg',  1, 24),
('https://res.cloudinary.com/dwabpg7an/image/upload/v1782394680/ITEM-0024-2_a2lzii.jpg',  2, 24),
('https://res.cloudinary.com/dwabpg7an/image/upload/v1782394682/ITEM-0025-1_rvpcey.jpg',  1, 25),
('https://res.cloudinary.com/dwabpg7an/image/upload/v1782394684/ITEM-0025-2_bx6z4a.jpg',  2, 25),
('https://res.cloudinary.com/dwabpg7an/image/upload/v1782394686/ITEM-0026-1_xordaw.jpg',  1, 26),
('https://res.cloudinary.com/dwabpg7an/image/upload/v1782394688/ITEM-0026-2_aacjtv.jpg',  2, 26),
('https://res.cloudinary.com/dwabpg7an/image/upload/v1782394690/ITEM-0027-1_eypdmv.jpg',  1, 27),
('https://res.cloudinary.com/dwabpg7an/image/upload/v1782394693/ITEM-0027-2_romzyq.jpg',  2, 27),
('https://res.cloudinary.com/dwabpg7an/image/upload/v1782394695/ITEM-0028-1_dgqozl.jpg',  1, 28),
('https://res.cloudinary.com/dwabpg7an/image/upload/v1782394697/ITEM-0028-2_ltceoh.jpg',  2, 28),
('https://res.cloudinary.com/dwabpg7an/image/upload/v1782394699/ITEM-0029-1_g5fn8l.jpg',  1, 29),
('https://res.cloudinary.com/dwabpg7an/image/upload/v1782394701/ITEM-0029-2_h51je5.jpg',  2, 29),
('https://res.cloudinary.com/dwabpg7an/image/upload/v1782394703/ITEM-0030-1_hmfbmd.jpg',  1, 30),
('https://res.cloudinary.com/dwabpg7an/image/upload/v1782394705/ITEM-0030-2_mcjfjn.jpg',  2, 30),
('https://res.cloudinary.com/dwabpg7an/image/upload/v1782394760/ITEM-0031-1_wdz4kc.jpg',  1, 31),
('https://res.cloudinary.com/dwabpg7an/image/upload/v1782394762/ITEM-0031-2_d5wu9s.jpg',  2, 31),
('https://res.cloudinary.com/dwabpg7an/image/upload/v1782394764/ITEM-0032-1_vih7am.jpg',  1, 32),
('https://res.cloudinary.com/dwabpg7an/image/upload/v1782394766/ITEM-0032-2_fslnog.jpg',  2, 32),
('https://res.cloudinary.com/dwabpg7an/image/upload/v1782394768/ITEM-0033-1_lzehqr.jpg',  1, 33),
('https://res.cloudinary.com/dwabpg7an/image/upload/v1782394770/ITEM-0033-2_z1nats.jpg',  2, 33),
('https://res.cloudinary.com/dwabpg7an/image/upload/v1782394772/ITEM-0034-1_ltymxh.jpg',  1, 34),
('https://res.cloudinary.com/dwabpg7an/image/upload/v1782394774/ITEM-0034-2_juovfs.jpg',  2, 34),
('https://res.cloudinary.com/dwabpg7an/image/upload/v1782394776/ITEM-0035-1_qnpfxj.jpg',  1, 35),
('https://res.cloudinary.com/dwabpg7an/image/upload/v1782394779/ITEM-0035-2_f3xnto.jpg',  2, 35),
('https://res.cloudinary.com/dwabpg7an/image/upload/v1782394781/ITEM-0036-1_ilvpoa.jpg',  1, 36),
('https://res.cloudinary.com/dwabpg7an/image/upload/v1782394783/ITEM-0036-2_mnbvpi.jpg',  2, 36),
('https://res.cloudinary.com/dwabpg7an/image/upload/v1782394785/ITEM-0037-1_vkgqsc.jpg',  1, 37),
('https://res.cloudinary.com/dwabpg7an/image/upload/v1782394787/ITEM-0037-2_jidczr.jpg',  2, 37),
('https://res.cloudinary.com/dwabpg7an/image/upload/v1782394789/ITEM-0037-3_uxd5ql.jpg',  3, 37),
('https://res.cloudinary.com/dwabpg7an/image/upload/v1782394792/ITEM-0038-1_jxidko.jpg',  1, 38),
('https://res.cloudinary.com/dwabpg7an/image/upload/v1782394794/ITEM-0038-2_p4sj7r.jpg',  2, 38),
('https://res.cloudinary.com/dwabpg7an/image/upload/v1782394796/ITEM-0039-1_t1jxsp.jpg',  1, 39),
('https://res.cloudinary.com/dwabpg7an/image/upload/v1782394798/ITEM-0039-2_dst2y4.jpg',  2, 39),
('https://res.cloudinary.com/dwabpg7an/image/upload/v1782394801/ITEM-0040-1_hgrtdv.jpg',  1, 40),
('https://res.cloudinary.com/dwabpg7an/image/upload/v1782394803/ITEM-0040-2_avja2f.jpg',  2, 40),
('https://res.cloudinary.com/dwabpg7an/image/upload/v1782394805/ITEM-0041-1_m795gd.jpg',  1, 41),
('https://res.cloudinary.com/dwabpg7an/image/upload/v1782394808/ITEM-0041-2_uffh7d.jpg',  2, 41),
('https://res.cloudinary.com/dwabpg7an/image/upload/v1782394810/ITEM-0042-1_f7iyth.jpg',  1, 42),
('https://res.cloudinary.com/dwabpg7an/image/upload/v1782394812/ITEM-0042-2_bmfwhq.jpg',  2, 42),
('https://res.cloudinary.com/dwabpg7an/image/upload/v1782394815/ITEM-0043-1_crwfxr.jpg',  1, 43),
('https://res.cloudinary.com/dwabpg7an/image/upload/v1782394817/ITEM-0043-2_aresu9.jpg',  2, 43),
('https://res.cloudinary.com/dwabpg7an/image/upload/v1782394820/ITEM-0044-1_lelu0h.jpg',  1, 44),
('https://res.cloudinary.com/dwabpg7an/image/upload/v1782394822/ITEM-0044-2_setctu.jpg',  2, 44),
('https://res.cloudinary.com/dwabpg7an/image/upload/v1782394824/ITEM-0045-1_wpelil.jpg',  1, 45),
('https://res.cloudinary.com/dwabpg7an/image/upload/v1782394827/ITEM-0045-2_zmtyfg.jpg',  2, 45),
('https://res.cloudinary.com/dwabpg7an/image/upload/v1782394861/ITEM-0046-1_mb5pzu.jpg',  1, 46),
('https://res.cloudinary.com/dwabpg7an/image/upload/v1782394864/ITEM-0046-2_drvdjr.jpg',  2, 46),
('https://res.cloudinary.com/dwabpg7an/image/upload/v1782394866/ITEM-0047-1_ymvpyg.jpg',  1, 47),
('https://res.cloudinary.com/dwabpg7an/image/upload/v1782394868/ITEM-0047-2_opdobo.jpg',  2, 47),
('https://res.cloudinary.com/dwabpg7an/image/upload/v1782394870/ITEM-0048-1_jzoznx.jpg',  1, 48),
('https://res.cloudinary.com/dwabpg7an/image/upload/v1782394872/ITEM-0048-2_ttkk2b.jpg',  2, 48),
('https://res.cloudinary.com/dwabpg7an/image/upload/v1782394874/ITEM-0048-3_bbdxtg.jpg',  3, 48),
('https://res.cloudinary.com/dwabpg7an/image/upload/v1782394876/ITEM-0049-1_lcpwad.jpg',  1, 49),
('https://res.cloudinary.com/dwabpg7an/image/upload/v1782394879/ITEM-0049-2_ldj1c9.jpg',  2, 49),
('https://res.cloudinary.com/dwabpg7an/image/upload/v1782394881/ITEM-0050-1_aavguk.jpg',  1, 50),
('https://res.cloudinary.com/dwabpg7an/image/upload/v1782394883/ITEM-0050-2_utsyiw.jpg',  2, 50),
('https://res.cloudinary.com/dwabpg7an/image/upload/v1782394886/ITEM-0051-1_jodmme.jpg',  1, 51),
('https://res.cloudinary.com/dwabpg7an/image/upload/v1782394888/ITEM-0051-2_x5hwg9.jpg',  2, 51),
('https://res.cloudinary.com/dwabpg7an/image/upload/v1782394924/ITEM-0052-1_clkdtx.jpg',  1, 52),
('https://res.cloudinary.com/dwabpg7an/image/upload/v1782394926/ITEM-0053-1_ojbr10.jpg',  1, 53),
('https://res.cloudinary.com/dwabpg7an/image/upload/v1782394929/ITEM-0054-1_oknjer.jpg',  1, 54),
('https://res.cloudinary.com/dwabpg7an/image/upload/v1782394930/ITEM-0055-1_lmebil.jpg',  1, 55),
('https://res.cloudinary.com/dwabpg7an/image/upload/v1782394933/ITEM-0056-1_jemskd.jpg',  1, 56),
('https://res.cloudinary.com/dwabpg7an/image/upload/v1782394935/ITEM-0057-1_b9h411.jpg',  1, 57),
('https://res.cloudinary.com/dwabpg7an/image/upload/v1782394937/ITEM-0058-1_ijpb3j.jpg',  1, 58),
('https://res.cloudinary.com/dwabpg7an/image/upload/v1782394939/ITEM-0059-1_qcpvua.jpg',  1, 59),
('https://res.cloudinary.com/dwabpg7an/image/upload/v1782394942/ITEM-0060-1_e7vswk.jpg',  1, 60),
('https://res.cloudinary.com/dwabpg7an/image/upload/v1782394944/ITEM-0061-1_x5cmcb.jpg',  1, 61),
('https://res.cloudinary.com/dwabpg7an/image/upload/v1782394980/ITEM-0062-1_drmsne.jpg',  1, 62),
('https://res.cloudinary.com/dwabpg7an/image/upload/v1782394982/ITEM-0063-1_myqolt.jpg',  1, 63),
('https://res.cloudinary.com/dwabpg7an/image/upload/v1782394984/ITEM-0064-1_cfk8gu.jpg',  1, 64),
('https://res.cloudinary.com/dwabpg7an/image/upload/v1782394987/ITEM-0065-1_yb6kwl.jpg',  1, 65),
('https://res.cloudinary.com/dwabpg7an/image/upload/v1782394989/ITEM-0066-1_dsdorw.jpg',  1, 66),
('https://res.cloudinary.com/dwabpg7an/image/upload/v1782394991/ITEM-0067-1_i9gqpn.jpg',  1, 67),
('https://res.cloudinary.com/dwabpg7an/image/upload/v1782394994/ITEM-0068-1_wtk5ek.jpg',  1, 68),
('https://res.cloudinary.com/dwabpg7an/image/upload/v1782394996/ITEM-0069-1_mqharm.jpg',  1, 69),
('https://res.cloudinary.com/dwabpg7an/image/upload/v1782394999/ITEM-0070-1_pzplsv.jpg',  1, 70),
('https://res.cloudinary.com/dwabpg7an/image/upload/v1782395001/ITEM-0071-1_kqdkcl.jpg',  1, 71),
('https://res.cloudinary.com/dwabpg7an/image/upload/v1782395038/ITEM-0072-1_cmuv55.jpg',  1, 72),
('https://res.cloudinary.com/dwabpg7an/image/upload/v1782395040/ITEM-0072-2_wjxxgy.jpg',  2, 72),
('https://res.cloudinary.com/dwabpg7an/image/upload/v1782395043/ITEM-0073-1_vpva4p.jpg',  1, 73),
('https://res.cloudinary.com/dwabpg7an/image/upload/v1782395045/ITEM-0073-2_bqtrna.jpg',  2, 73),
('https://res.cloudinary.com/dwabpg7an/image/upload/v1782395048/ITEM-0074-1_b8uz47.jpg',  1, 74),
('https://res.cloudinary.com/dwabpg7an/image/upload/v1782395050/ITEM-0075-1_ddv3k4.jpg',  1, 75),
('https://res.cloudinary.com/dwabpg7an/image/upload/v1782395053/ITEM-0075-2_cewmqp.jpg',  2, 75),
('https://res.cloudinary.com/dwabpg7an/image/upload/v1782395117/ITEM-0076-1_utkgt4.jpg',  1, 76),
('https://res.cloudinary.com/dwabpg7an/image/upload/v1782395119/ITEM-0076-2_ow1gq5.jpg',  2, 76),
('https://res.cloudinary.com/dwabpg7an/image/upload/v1782395122/ITEM-0077-1_il9nf9.jpg',  1, 77),
('https://res.cloudinary.com/dwabpg7an/image/upload/v1782395124/ITEM-0078-1_nzsjw5.jpg',  1, 78),
('https://res.cloudinary.com/dwabpg7an/image/upload/v1782395127/ITEM-0079-1_vvkgau.jpg',  1, 79),
('https://res.cloudinary.com/dwabpg7an/image/upload/v1782395129/ITEM-0080-1_jmnsvq.jpg',  1, 80),
('https://res.cloudinary.com/dwabpg7an/image/upload/v1782395132/ITEM-0081-1_u2jvml.jpg',  1, 81),
('https://res.cloudinary.com/dwabpg7an/image/upload/v1782395148/ITEM-0082-1_d6i66a.jpg',  1, 82),
('https://res.cloudinary.com/dwabpg7an/image/upload/v1782395151/ITEM-0082-2_knyv1c.jpg',  2, 82),
('https://res.cloudinary.com/dwabpg7an/image/upload/v1782395154/ITEM-0083-1_lgpymk.jpg',  1, 83),
('https://res.cloudinary.com/dwabpg7an/image/upload/v1782395156/ITEM-0083-2_sa0klp.jpg',  2, 83),
('https://res.cloudinary.com/dwabpg7an/image/upload/v1782395159/ITEM-0084-1_j1tkbh.jpg',  1, 84),
('https://res.cloudinary.com/dwabpg7an/image/upload/v1782395161/ITEM-0085-1_pjrdcq.jpg',  1, 85),
('https://res.cloudinary.com/dwabpg7an/image/upload/v1782395164/ITEM-0086-1_semqdd.jpg',  1, 86),
('https://res.cloudinary.com/dwabpg7an/image/upload/v1782395166/ITEM-0087-1_cpq0tb.jpg',  1, 87),
('https://res.cloudinary.com/dwabpg7an/image/upload/v1782395169/ITEM-0088-1_zdhlri.jpg',  1, 88),
('https://res.cloudinary.com/dwabpg7an/image/upload/v1782395172/ITEM-0088-2_lmmdjx.jpg',  2, 88),
('https://res.cloudinary.com/dwabpg7an/image/upload/v1782395174/ITEM-0089-1_sbhibt.jpg',  1, 89),
('https://res.cloudinary.com/dwabpg7an/image/upload/v1782395177/ITEM-0090-1_vazhxg.jpg',  1, 90),
('https://res.cloudinary.com/dwabpg7an/image/upload/v1782395180/ITEM-0091-1_krgya9.jpg',  1, 91),
('https://res.cloudinary.com/dwabpg7an/image/upload/v1782395182/ITEM-0092-1_nc2b2z.jpg',  1, 92),
('https://res.cloudinary.com/dwabpg7an/image/upload/v1782395185/ITEM-0093-1_hpapon.jpg',  1, 93),
('https://res.cloudinary.com/dwabpg7an/image/upload/v1782395188/ITEM-0094-1_qzsjff.jpg',  1, 94),
('https://res.cloudinary.com/dwabpg7an/image/upload/v1782395191/ITEM-0095-1_xbqda6.jpg',  1, 95);


-- ============================
-- CONVERSATIONS
-- ============================
INSERT INTO conversations (id_conversations, created_at, fk_items_id, fk_seller_id, fk_buyer_id) VALUES
(1,  '2024-10-10 10:00:00', 3,  4,  16),
(2,  '2024-10-20 11:00:00', 6,  5,  14),
(3,  '2024-10-15 12:00:00', 10, 6,  9),
(4,  '2024-10-25 13:00:00', 12, 7,  10),
(5,  '2024-11-05 14:00:00', 14, 8,  11),
(6,  '2024-11-08 15:00:00', 17, 8,  12),
(7,  '2024-11-15 16:00:00', 20, 10, 8),
(8,  '2024-11-18 17:00:00', 23, 13, 16),
(9,  '2024-11-22 18:00:00', 25, 15, 13),
(10, '2024-11-26 09:00:00', 27, 17, 15),
(11, '2024-12-03 10:00:00', 30, 2,  11),
(12, '2024-12-08 11:00:00', 32, 4,  9),
(13, '2024-12-20 12:00:00', 36, 8,  13),
(14, '2024-12-27 13:00:00', 38, 10, 14),
(15, '2025-01-03 14:00:00', 41, 13, 15),
(16, '2025-01-08 15:00:00', 44, 16, 8),
(17, '2025-01-13 16:00:00', 46, 3,  12),
(18, '2025-01-18 17:00:00', 48, 5,  16),
(19, '2025-01-23 18:00:00', 50, 7,  9),
(20, '2025-01-28 09:00:00', 52, 3,  10),
(21, '2025-02-03 10:00:00', 55, 6,  11),
(22, '2025-02-08 11:00:00', 60, 11, 12),
(23, '2025-02-15 12:00:00', 62, 3,  13),
(24, '2025-02-20 13:00:00', 65, 6,  14),
(25, '2025-02-28 14:00:00', 69, 10, 15),
(26, '2025-03-08 15:00:00', 72, 3,  8),
(27, '2025-03-15 16:00:00', 75, 6,  9),
(28, '2025-03-25 17:00:00', 78, 9,  10),
(29, '2025-04-06 18:00:00', 82, 3,  11),
(30, '2025-04-23 09:00:00', 88, 9,  12);

-- ============================
-- MESSAGES
-- ============================
INSERT INTO messages (id_messages, content, sent_at, `read`, fk_users_id_sent, fk_users_id_received, fk_conversations_id) VALUES
(1,  '¡Hola! ¿Siguen disponibles los auriculares?',                    '2024-10-10 10:05:00', 1, 16, 4,  1),
(2,  'Sí, están disponibles. ¿Cuándo puedes recogerlos?',              '2024-10-10 10:30:00', 1, 4,  16, 1),
(3,  'Perfecto, me lo quedo. ¿Aceptas Bizum?',                         '2024-10-10 11:00:00', 1, 16, 4,  1),
(4,  'Sí, te paso el número.',                                          '2024-10-10 11:15:00', 1, 4,  16, 1),
(5,  'Buenos días, ¿el proyector holográfico funciona bien?',           '2024-10-20 11:10:00', 1, 14, 5,  2),
(6,  'Sí, funciona perfecto. Poco uso.',                                '2024-10-20 11:40:00', 1, 5,  14, 2),
(7,  'Me lo quedo, ¿envío o recogida?',                                '2024-10-20 12:00:00', 1, 14, 5,  2),
(8,  'Envío por Correos, con seguimiento.',                             '2024-10-20 12:20:00', 1, 5,  14, 2),
(9,  '¿La cámara tiene tarjeta de memoria incluida?',                  '2024-10-15 12:15:00', 1, 9,  6,  3),
(10, 'No incluye tarjeta, pero admite microSD estándar.',               '2024-10-15 12:50:00', 1, 6,  9,  3),
(11, 'Perfecto, ¿hacemos el envío?',                                    '2024-10-15 13:10:00', 1, 9,  6,  3),
(12, 'Sí, dime tu dirección.',                                          '2024-10-15 13:30:00', 1, 6,  9,  3),
(13, '¿Qué alcance tienen los walkie talkies?',                        '2024-10-25 13:20:00', 1, 10, 7,  4),
(14, 'Unos 300 metros en campo abierto. Funciona bien.',               '2024-10-25 14:00:00', 1, 7,  10, 4),
(15, 'Perfecto para mis hijos. Lo compro.',                             '2024-10-25 14:15:00', 1, 10, 7,  4),
(16, 'Hola, ¿cuántos juegos tiene integrados la consola?',             '2024-11-05 14:30:00', 1, 11, 8,  5),
(17, 'Tiene 200 juegos preinstalados. Pantalla sin rayajos.',           '2024-11-05 15:00:00', 1, 8,  11, 5),
(18, 'Me la quedo, ¿haces envío a Sevilla?',                           '2024-11-05 15:20:00', 1, 11, 8,  5),
(19, 'Sí, envío a toda España.',                                        '2024-11-05 15:40:00', 1, 8,  11, 5),
(20, '¿El LEGO Camión tiene todas las piezas?',                        '2024-11-15 16:10:00', 1, 8,  10, 7),
(21, 'Sí, lo monté y desmonté una vez. Completo.',                     '2024-11-15 16:40:00', 1, 10, 8,  7),
(22, 'Me lo llevo. ¿Tienes bolsa o caja?',                             '2024-11-15 17:00:00', 1, 8,  10, 7),
(23, 'Tiene la caja original un poco desgastada.',                      '2024-11-15 17:20:00', 1, 10, 8,  7),
(24, '¿La figura de Peely está completa?',                             '2024-11-18 17:15:00', 1, 16, 13, 8),
(25, 'Sí, completa y en perfecto estado. Solo la expuse.',             '2024-11-18 17:45:00', 1, 13, 16, 8),
(26, 'Genial, la compro. ¿Aceptas PayPal?',                            '2024-11-18 18:00:00', 1, 16, 13, 8),
(27, 'Sí, te mando el link.',                                           '2024-11-18 18:15:00', 1, 13, 16, 8),
(28, '¿El drone tiene alguna hélice rota?',                            '2025-03-25 17:20:00', 1, 10, 9,  28),
(29, 'No, está perfecto. Incluye hélices de repuesto.',                '2025-03-25 17:55:00', 1, 9,  10, 28),
(30, '¿Funciona en espacios cerrados?',                                 '2025-03-25 18:10:00', 1, 10, 9,  28),
(31, 'Sí, siempre lo usé en interior.',                                 '2025-03-25 18:30:00', 1, 9,  10, 28),
(32, 'Perfecto, lo quiero.',                                            '2025-03-25 18:45:00', 1, 10, 9,  28),
(33, '¿El juego incluye todas las plantillas?',                        '2025-04-23 09:15:00', 1, 12, 9,  30),
(34, 'Sí, completo. Sin piezas faltantes.',                            '2025-04-23 09:50:00', 1, 9,  12, 30),
(35, 'Me lo llevo, ¿envío a Getxo?',                                   '2025-04-23 10:05:00', 1, 12, 9,  30),
(36, 'Sí, envío a toda España por Correos.',                           '2025-04-23 10:20:00', 1, 9,  12, 30);

-- ============================
-- ITEM_HISTORY
-- ============================
INSERT INTO item_history (id_item_history, trade_status, trade_date, fk_items_id, fk_buyer_id) VALUES
(1,  'done', '2024-10-15 15:00:00', 3,  16),
(2, 'done', '2024-10-25 12:00:00', 6,  14),
(3, 'done', '2024-10-20 14:00:00', 10, 9),
(4, 'done', '2024-11-01 16:00:00', 12, 10),
(5, 'done', '2024-11-10 10:00:00', 14, 11),
(6,  'done', '2024-11-12 12:00:00', 17, 12),
(7,  'done', '2024-11-20 15:00:00', 20, 8),
(8, 'done', '2024-11-25 10:00:00', 23, 16),
(9, 'done', '2024-11-28 14:00:00', 25, 13),
(10, 'done', '2024-12-02 16:00:00', 27, 15),
(11, 'done', '2024-12-10 12:00:00', 30, 11),
(12,  'done', '2024-12-15 14:00:00', 32, 9),
(13,  'done', '2024-12-28 10:00:00', 36, 13),
(14, 'done', '2025-01-03 12:00:00', 38, 14),
(15,  'done', '2025-01-10 14:00:00', 41, 15),
(16, 'done', '2025-01-15 16:00:00', 44, 8),
(17,  'done', '2025-01-20 18:00:00', 46, 12),
(18,  'done', '2025-01-25 10:00:00', 48, 16),
(19,  'done', '2025-01-30 12:00:00', 50, 9),
(20, 'done', '2025-02-05 14:00:00', 52, 10),
(21,  'done', '2025-02-10 16:00:00', 55, 11),
(22, 'done', '2025-02-15 18:00:00', 60, 12),
(23,  'done', '2025-02-20 10:00:00', 62, 13),
(24,  'done', '2025-02-25 12:00:00', 65, 14),
(25, 'done', '2025-03-05 14:00:00', 69, 15),
(26, 'done', '2025-03-12 16:00:00', 72, 8),
(27,  'done', '2025-03-18 18:00:00', 75, 9),
(28,  'done', '2025-04-01 10:00:00', 78, 10),
(29,  'done', '2025-04-15 12:00:00', 82, 11),
(30,  'done', '2025-05-02 14:00:00', 88, 12);


-- ============================
-- REVIEWS
-- ============================
INSERT INTO reviews (id_reviews, rating, comment, review_date, fk_items_id, fk_reviewer_id, fk_reviewed_id) VALUES
(1,  5, 'Auriculares en perfecto estado, tal como se describían. Envío rápido.',         '2024-10-17 10:00:00', 3,  16, 4),
(2,  4, 'El proyector llegó bien embalado. Funciona genial. Muy buena atención.',        '2024-10-28 11:00:00', 6,  14, 5),
(3,  5, 'La cámara perfecta. Igual que en las fotos. Muy recomendable.',                 '2024-10-22 12:00:00', 10, 9,  6),
(4,  4, 'Los walkie talkies funcionan bien. Uso normal pero lo que se describía.',       '2024-11-03 13:00:00', 12, 10, 7),
(5,  5, 'La consola llegó perfecta. Mis hijos encantados. Vendedora muy atenta.',        '2024-11-12 14:00:00', 14, 11, 8),
(6,  4, 'El altavoz bien, llegó con un día de retraso pero correcto.',                   '2024-11-15 15:00:00', 17, 12, 8),
(7,  5, 'El LEGO Camión completo y en buen estado. Muy buena vendedora.',                '2024-11-22 16:00:00', 20, 8,  10),
(8,  5, 'La figura de Peely preciosa. Mejor de lo esperado. 100% recomendable.',         '2024-11-26 10:00:00', 23, 16, 13),
(9,  4, 'El LEGO Hogwarts bien. Faltaba una bolsita pequeña pero lo demás completo.',    '2024-11-30 11:00:00', 25, 13, 15),
(10, 5, 'La figura Spider-Man en perfecto estado. Vendedor muy atento y rápido.',        '2024-12-05 12:00:00', 27, 15, 17),
(11, 3, 'El LEGO Technic llegó bien pero la caja estaba muy deteriorada.',               '2024-12-15 13:00:00', 30, 11, 2),
(12, 5, 'La Monster High completa y en buen estado. Muy buena vendedora.',               '2024-12-18 14:00:00', 32, 9,  4),
(13, 5, 'El T-Rex llegó muy bien embalado. Articulaciones perfectas.',                   '2024-12-30 15:00:00', 36, 13, 8),
(14, 4, 'La figura cantante bien. Trato correcto y envío a tiempo.',                     '2025-01-05 16:00:00', 38, 14, 10),
(15, 5, 'Los Pokémon en estado perfecto. Vendedor muy serio.',                           '2025-01-12 17:00:00', 41, 15, 13),
(16, 5, 'El Baby Yoda precioso. Laia es una vendedora excelente.',                       '2025-01-16 18:00:00', 44, 8,  16),
(17, 4, 'El puzzle de España completo. Alguna pieza un poco forzada pero bien.',         '2025-01-22 09:00:00', 46, 12, 3),
(18, 5, 'El Puzzle Stitch perfecto. Usado muy pocas veces. Muy recomendable.',           '2025-01-27 10:00:00', 48, 16, 5),
(19, 5, 'El Puzzle Avengers completo y en buen estado. Excelente vendedor.',             '2025-02-02 11:00:00', 50, 9,  7),
(20, 4, 'Dixit completo, cartas en buen estado. Muy buena vendedora.',                   '2025-02-08 12:00:00', 52, 10, 3),
(21, 5, 'Sushi Go! perfecto. Todo tal como se describía. 5 estrellas.',                  '2025-02-13 13:00:00', 55, 11, 6),
(22, 5, 'El Catan impecable. Elena es una vendedora increíble.',                         '2025-02-18 14:00:00', 60, 12, 11),
(23, 3, 'La tablet llegó con un pequeño arañazo no mencionado. Funciona bien.',          '2025-02-22 15:00:00', 62, 13, 3),
(24, 5, 'El cuentacuentos perfecto. Mejor de lo esperado. Muy recomendable.',            '2025-02-28 16:00:00', 65, 14, 6),
(25, 4, 'La moto correpasillos bien. Uso normal, como se describía.',                    '2025-03-08 17:00:00', 69, 15, 10),
(26, 5, 'La pista Hot Wheels genial. Mis hijos la adoran. Vendedor excelente.',          '2025-03-14 18:00:00', 72, 8,  3),
(27, 5, 'El coche todoterreno en perfecto estado. Muy buena vendedora.',                 '2025-03-20 09:00:00', 75, 9,  6),
(28, 5, 'El drone perfecto, con hélices de repuesto. Muy buen vendedor.',                '2025-04-05 10:00:00', 78, 10, 9),
(29, 4, 'La pizarra magnética bien. Trato correcto y envío rápido.',                     '2025-04-18 11:00:00', 82, 11, 3),
(30, 5, 'El juego de dibujo completo. Muy recomendable. Excelente vendedor.',            '2025-05-06 12:00:00', 88, 12, 9);

-- ============================
-- FAVORITES
-- ============================
INSERT INTO favorites (fk_users_id, fk_items_id, added_at) VALUES
(8, 1, '2024-10-02 10:00:00'),
(9, 2, '2024-10-05 11:00:00'),
(10, 5, '2024-10-08 12:00:00'),
(11, 7, '2024-10-10 13:00:00'),
(12, 8, '2024-10-12 14:00:00'),
(13, 9, '2024-10-14 15:00:00'),
(14, 11, '2024-10-16 16:00:00'),
(15, 13, '2024-10-18 17:00:00'),
(16, 15, '2024-10-20 18:00:00'),
(17, 16, '2024-10-22 09:00:00'),
(18, 18, '2024-10-24 10:00:00'),
(19, 19, '2024-10-26 11:00:00'),
(20, 21, '2024-10-28 12:00:00'),
(8, 22, '2024-10-30 13:00:00'),
(9, 24, '2024-11-01 14:00:00'),
(10, 26, '2024-11-03 15:00:00'),
(11, 28, '2024-11-05 16:00:00'),
(12, 31, '2024-11-07 17:00:00'),
(13, 33, '2024-11-09 18:00:00'),
(14, 34, '2024-11-11 09:00:00'),
(15, 35, '2024-11-13 10:00:00'),
(16, 37, '2024-11-15 11:00:00'),
(17, 40, '2024-11-17 12:00:00'),
(18, 42, '2024-11-19 13:00:00'),
(19, 43, '2024-11-21 14:00:00'),
(20, 45, '2024-11-23 15:00:00'),
(8, 47, '2024-11-25 16:00:00'),
(9, 49, '2024-11-27 17:00:00'),
(10, 51, '2024-11-29 18:00:00'),
(11, 53, '2024-12-01 09:00:00'),
(12, 54, '2024-12-03 10:00:00'),
(13, 56, '2024-12-05 11:00:00'),
(14, 57, '2024-12-07 12:00:00'),
(15, 58, '2024-12-09 13:00:00'),
(16, 59, '2024-12-11 14:00:00'),
(17, 61, '2024-12-13 15:00:00'),
(18, 63, '2024-12-15 16:00:00'),
(19, 64, '2024-12-17 17:00:00'),
(20, 66, '2024-12-19 18:00:00'),
(19, 67, '2024-12-21 09:00:00'),
(9, 70, '2024-12-23 10:00:00'),
(10, 71, '2024-12-25 11:00:00'),
(11, 73, '2024-12-27 12:00:00'),
(12, 74, '2024-12-29 13:00:00'),
(13, 76, '2024-12-31 14:00:00'),
(14, 77, '2025-01-02 15:00:00'),
(15, 79, '2025-01-04 16:00:00'),
(16, 80, '2025-01-06 17:00:00'),
(17, 81, '2025-01-08 18:00:00'),
(18, 83, '2025-01-10 09:00:00');

-- ============================
-- REPORTS
-- ============================
INSERT INTO reports (id_reports, reason, status, report_date, fk_items_id, fk_user_reported, fk_user_reports_received) VALUES
(1, 'Los auriculares tienen daños físicos no mencionados en la descripción.',
    'resolved', '2025-04-28 09:00:00', 4, 4, 9),
(2, 'El LEGO Rodillo no tiene todas las piezas tal como se indica en el anuncio.',
    'resolved', '2025-05-01 10:00:00', 21, 11, 10),
(3, 'El precio de la LEGO Vespa parece excesivo para el estado real del producto.',
    'resolved', '2025-05-06 14:00:00', 26, 16, 11),
(4, 'Las fotos de Baby Yoda edición alternativa no corresponden al artículo real.',
    'pending',  '2025-05-10 11:00:00', 45, 17, 12),
(5, 'El juego Virus! no funciona correctamente según lo descrito.',
    'pending',  '2025-05-14 15:00:00', 57, 8, 13),
(6, 'Posible fraude: la figura Labubu podría ser una falsificación.',
    'resolved', '2025-05-16 09:00:00', 39, 11, 14),
(7, 'La figura del Capitán América se vende como completa pero le falta el escudo.',
    'resolved', '2025-05-20 11:00:00', 29, 1, 15);

-- ============================
-- MODERATION_ACTIONS
-- ============================
INSERT INTO moderation_actions (id_moderation_actions, decision, action_date, fk_moderator_id, fk_reports_id) VALUES
(1, 'removed', '2025-05-03 10:00:00', 3, 1),
(2, 'reactivated', '2025-05-07 11:00:00', 4, 2),
(3, 'reactivated', '2025-05-12 10:00:00', 5, 3),
(4, 'removed', '2025-05-22 09:00:00', 3, 6),
(5, 'removed', '2025-05-27 11:00:00', 4, 7);

-- ============================
-- NOTIFICATIONS
-- ============================
INSERT INTO notifications (id_notifications, message, `read`, created_at, fk_users_id) VALUES
(1, 'Tu artículo "Auriculares inalámbricos blancos" ha sido vendido.',                              1, '2024-10-15 15:05:00', 4),
(2, 'Tu artículo "Juguete holográfico Harry Potter" ha sido vendido.',                              1, '2024-10-25 12:05:00', 5),
(3, 'Tu artículo "Cámara digital infantil" ha sido vendido.',                                      1, '2024-10-20 14:05:00', 6),
(4, 'Tu artículo "Walkie talkies para niños" ha sido vendido.',                                    1, '2024-11-01 16:05:00', 7),
(5, 'Tu artículo "Consola portátil tipo Switch" ha sido vendido.',                                 1, '2024-11-10 10:05:00', 8),
(6, 'Tu artículo "Altavoz inalámbrico rojo" ha sido vendido.',                                     1, '2024-11-12 12:05:00', 8),
(7, 'Tu artículo "LEGO City Camión de obras" ha sido vendido.',                                    1, '2024-11-20 15:05:00', 10),
(8, 'Tu artículo "LEGO Fortnite Peely" ha sido vendido.',                                          1, '2024-11-25 10:05:00', 13),
(9, 'Tu artículo "LEGO Harry Potter Hogwarts" ha sido vendido.',                                   1, '2024-11-28 14:05:00', 15),
(10, 'Tu artículo "LEGO Marvel Spider-Man" ha sido vendido.',                                       1, '2024-12-02 16:05:00', 17),
(11, 'Tienes un nuevo mensaje de laia.serra sobre "Auriculares inalámbricos blancos".',              1, '2024-10-10 10:06:00', 4),
(12, 'Tienes un nuevo mensaje de marta.suarez sobre "Juguete holográfico Harry Potter".',            1, '2024-10-20 11:11:00', 5),
(13, 'Tienes un nuevo mensaje de pablo.iglesias94 sobre "Cámara digital infantil".',                 1, '2024-10-15 12:16:00', 6),
(14, 'Tienes un nuevo mensaje de lucia.romero sobre "Walkie talkies para niños".',                   1, '2024-10-25 13:21:00', 7),
(15, 'Tienes un nuevo mensaje de lucia.romero sobre "Drone infantil azul".',                         1, '2025-03-25 17:21:00', 9),
(16, 'Tu artículo "Auriculares infantiles rosa" ha sido denunciado y está bajo revisión.',           1, '2025-04-28 09:05:00', 4),
(17, 'Tu artículo "Figura Labubu coleccionable" ha sido denunciado y está bajo revisión.',           0, '2025-05-16 09:05:00', 11),
(18, 'Tu artículo "LEGO Marvel Capitán América" ha sido denunciado y está bajo revisión.',           0, '2025-05-20 11:05:00', 1),
(19, 'Tu artículo "Figura Baby Yoda edición alternativa" ha sido denunciado y está bajo revisión.', 0, '2025-05-10 11:05:00', 17),
(20, 'Tu artículo "Virus!" ha sido denunciado y está bajo revisión.',                                0, '2025-05-14 15:05:00', 8),
(21, 'Tu artículo "Auriculares infantiles rosa" ha sido eliminado por incumplir las normas.',        1, '2025-05-03 10:05:00', 4),
(22, 'El artículo "LEGO City Rodillo compactador" ha sido revisado y reactivado.',                   1, '2025-05-07 11:05:00', 10),
(23, 'El artículo "LEGO Vespa 125 azul clásica" ha sido revisado y reactivado.',                    1, '2025-05-12 10:05:00', 11),
(24, 'Tu artículo "Figura Labubu coleccionable" ha sido eliminado por incumplir las normas.',        0, '2025-05-22 09:05:00', 11),
(25, 'Tu artículo "LEGO Marvel Capitán América" ha sido eliminado por incumplir las normas.',        0, '2025-05-27 11:05:00', 1);

-- ============================
-- ITEMS_VIEW
-- ============================
INSERT INTO items_view (id_items_view, viewed_at, fk_items_id, fk_users_id) VALUES
(1,  '2024-10-02 10:30:00', 1,  8),  (2,  '2024-10-03 11:15:00', 1,  9),
(3,  '2024-10-05 14:00:00', 1,  14), (4,  '2024-10-04 09:00:00', 2,  9),
(5,  '2024-10-05 10:30:00', 2,  12), (6,  '2024-10-14 15:00:00', 3,  16),
(7,  '2024-10-09 08:00:00', 3,  11), (8,  '2025-04-20 10:00:00', 4,  9),
(9,  '2025-04-25 11:30:00', 4,  15), (10, '2024-10-11 09:00:00', 5,  8),
(11, '2024-10-09 14:00:00', 5,  20), (12, '2024-10-24 10:00:00', 6,  14),
(13, '2024-10-16 11:00:00', 7,  20), (14, '2024-10-12 12:00:00', 7,  18),
(15, '2024-10-12 13:00:00', 8,  19), (16, '2024-10-14 14:00:00', 8,  17),
(17, '2024-10-14 09:00:00', 9,  13), (18, '2024-10-16 10:30:00', 9,  11),
(19, '2024-10-19 14:00:00', 10, 9),  (20, '2024-10-20 11:00:00', 10, 20),
(21, '2024-10-26 09:00:00', 11, 8),  (22, '2024-10-27 10:30:00', 11, 16),
(23, '2024-11-01 11:00:00', 12, 10), (24, '2024-10-02 12:00:00', 13, 12),
(25, '2024-11-07 13:00:00', 14, 11), (26, '2024-10-07 14:00:00', 15, 13),
(27, '2024-10-09 15:00:00', 16, 20), (28, '2024-11-11 16:00:00', 17, 12),
(29, '2024-10-13 17:00:00', 18, 14), (30, '2024-10-16 09:00:00', 19, 7),
(31, '2024-10-17 10:00:00', 19, 8),  (32, '2024-11-17 11:00:00', 20, 8),
(33, '2024-10-21 09:00:00', 21, 10), (34, '2024-10-23 10:00:00', 22, 17),
(35, '2024-11-19 12:00:00', 23, 16), (36, '2024-10-29 13:00:00', 24, 7),
(37, '2024-10-30 14:00:00', 24, 19), (38, '2024-11-24 15:00:00', 25, 13),
(39, '2024-11-02 16:00:00', 26, 14), (40, '2024-11-27 17:00:00', 27, 15),
(41, '2024-11-07 09:00:00', 28, 11), (42, '2024-11-08 10:00:00', 28, 19),
(43, '2025-05-19 11:00:00', 29, 10), (44, '2025-05-21 12:00:00', 29, 20),
(45, '2024-12-04 12:00:00', 30, 11), (46, '2024-11-16 09:00:00', 31, 12),
(47, '2024-11-19 10:00:00', 32, 9),  (48, '2024-11-21 11:00:00', 33, 15),
(49, '2024-11-23 12:00:00', 34, 13), (50, '2024-11-26 13:00:00', 35, 18),
(51, '2024-11-29 14:00:00', 36, 13), (52, '2024-12-02 15:00:00', 37, 20),
(53, '2024-12-05 16:00:00', 38, 14), (54, '2025-05-14 09:00:00', 39, 14),
(55, '2025-05-18 10:00:00', 39, 16), (56, '2024-12-11 09:00:00', 40, 20),
(57, '2024-12-13 10:00:00', 41, 15), (58, '2024-12-16 11:00:00', 42, 10),
(59, '2024-12-19 12:00:00', 43, 8),  (60, '2024-12-21 13:00:00', 44, 8),
(61, '2024-12-23 14:00:00', 45, 12), (62, '2024-12-26 15:00:00', 46, 12),
(63, '2024-12-29 16:00:00', 47, 16), (64, '2025-01-03 17:00:00', 48, 16),
(65, '2025-01-06 09:00:00', 49, 11), (66, '2025-01-09 10:00:00', 50, 9),
(67, '2025-01-11 11:00:00', 51, 12), (68, '2025-01-13 12:00:00', 52, 10),
(69, '2025-01-16 13:00:00', 53, 19), (70, '2025-01-19 14:00:00', 54, 20),
(71, '2025-01-21 15:00:00', 55, 11), (72, '2025-01-23 16:00:00', 56, 17),
(73, '2025-01-26 17:00:00', 57, 13), (74, '2025-01-27 09:00:00', 57, 15),
(75, '2025-01-29 10:00:00', 58, 8),  (76, '2025-02-02 11:00:00', 59, 16),
(77, '2025-02-05 12:00:00', 60, 12), (78, '2025-02-07 13:00:00', 61, 14),
(79, '2025-02-09 14:00:00', 62, 13), (80, '2025-02-12 15:00:00', 63, 9),
(81, '2025-02-14 16:00:00', 64, 20), (82, '2025-02-17 17:00:00', 65, 14),
(83, '2025-02-19 09:00:00', 66, 16), (84, '2025-02-21 10:00:00', 67, 19),
(85, '2025-02-23 11:00:00', 68, 8),  (86, '2025-02-26 12:00:00', 69, 15),
(87, '2025-03-01 13:00:00', 70, 18), (88, '2025-03-03 14:00:00', 71, 20),
(89, '2025-03-06 15:00:00', 72, 8),  (90, '2025-03-07 16:00:00', 72, 19),
(91, '2025-03-09 17:00:00', 73, 17), (92, '2025-03-11 09:00:00', 74, 20),
(93, '2025-03-13 10:00:00', 75, 9),  (94, '2025-03-15 11:00:00', 76, 13),
(95, '2025-03-17 12:00:00', 76, 15), (96, '2025-03-19 13:00:00', 77, 11),
(97, '2025-03-22 14:00:00', 78, 10), (98, '2025-03-24 15:00:00', 79, 9),
(99, '2025-03-27 16:00:00', 80, 20), (100,'2025-03-30 17:00:00', 81, 12),
(101,'2025-04-02 09:00:00', 82, 11), (102,'2025-04-05 10:00:00', 83, 14),
(103,'2025-04-07 11:00:00', 84, 16), (104,'2025-04-09 12:00:00', 85, 19),
(105,'2025-04-11 13:00:00', 86, 17), (106,'2025-04-13 14:00:00', 87, 20),
(107,'2025-04-15 15:00:00', 88, 12), (108,'2025-04-17 16:00:00', 88, 13),
(109,'2025-04-20 17:00:00', 89, 18), (110,'2025-04-23 09:00:00', 90, 20),
(111,'2025-04-26 10:00:00', 91, 15), (112,'2025-04-29 11:00:00', 92, 16),
(113,'2025-05-02 12:00:00', 93, 11), (114,'2025-05-05 13:00:00', 94, 19),
(115,'2025-05-08 14:00:00', 95, 14), (116,'2025-05-10 15:00:00', 95, 20);

SET FOREIGN_KEY_CHECKS = 1;
